10.137.10.2,255.255.248.0,10.137.8.1
10.137.10.3,255.255.248.0,10.137.8.1
10.137.10.4,255.255.248.0,10.137.8.1
10.137.10.5,255.255.248.0,10.137.8.1
10.137.10.6,255.255.248.0,10.137.8.1
10.137.10.7,255.255.248.0,10.137.8.1
10.137.10.8,255.255.248.0,10.137.8.1
10.137.10.9,255.255.248.0,10.137.8.1
10.137.10.10,255.255.248.0,10.137.8.1
10.137.10.11,255.255.248.0,10.137.8.1
10.137.10.12,255.255.248.0,10.137.8.1
10.137.10.13,255.255.248.0,10.137.8.1
10.137.10.14,255.255.248.0,10.137.8.1
10.137.10.15 ,255.255.248.0,10.137.8.1
10.137.10.16,255.255.248.0,10.137.8.1
10.137.10.17,255.255.248.0,10.137.8.1
10.137.10.18,255.255.248.0,10.137.8.1
10.137.10.19,255.255.248.0,10.137.8.1
10.137.10.20,255.255.248.0,10.137.8.1
10.137.10.21,255.255.248.0,10.137.8.1
10.137.10.22,255.255.248.0,10.137.8.1
10.137.10.23,255.255.248.0,10.137.8.1
10.137.10.24,255.255.248.0,10.137.8.1
10.137.10.25,255.255.248.0,10.137.8.1
10.137.10.26,255.255.248.0,10.137.8.1
10.137.10.27,255.255.248.0,10.137.8.1
10.137.10.28,255.255.248.0,10.137.8.1
10.137.10.29,255.255.248.0,10.137.8.1
10.137.10.30,255.255.248.0,10.137.8.1
10.137.10.31,255.255.248.0,10.137.8.1
10.137.10.32,255.255.248.0,10.137.8.1
10.137.10.33,255.255.248.0,10.137.8.1
10.137.10.34,255.255.248.0,10.137.8.1
10.137.10.35,255.255.248.0,10.137.8.1
10.137.10.36,255.255.248.0,10.137.8.1
10.137.10.37,255.255.248.0,10.137.8.1
10.137.10.38,255.255.248.0,10.137.8.1
10.137.10.39,255.255.248.0,10.137.8.1
10.137.10.40,255.255.248.0,10.137.8.1
10.137.10.41,255.255.248.0,10.137.8.1
10.137.10.42,255.255.248.0,10.137.8.1
10.137.10.43,255.255.248.0,10.137.8.1
10.137.10.44,255.255.248.0,10.137.8.1
10.137.10.45,255.255.248.0,10.137.8.1
10.137.10.46,255.255.248.0,10.137.8.1
10.137.10.47,255.255.248.0,10.137.8.1
10.137.10.48,255.255.248.0,10.137.8.1
10.137.10.49,255.255.248.0,10.137.8.1
10.137.10.50,255.255.248.0,10.137.8.1
10.137.10.51,255.255.248.0,10.137.8.1
10.137.10.52,255.255.248.0,10.137.8.1
10.137.10.53,255.255.248.0,10.137.8.1
10.137.10.54,255.255.248.0,10.137.8.1
10.137.10.55,255.255.248.0,10.137.8.1
10.137.10.56,255.255.248.0,10.137.8.1
10.137.10.57,255.255.248.0,10.137.8.1
10.137.10.58,255.255.248.0,10.137.8.1
10.137.10.59,255.255.248.0,10.137.8.1
10.137.10.60,255.255.248.0,10.137.8.1
10.137.10.61,255.255.248.0,10.137.8.1
10.137.10.62,255.255.248.0,10.137.8.1
10.137.10.63,255.255.248.0,10.137.8.1
10.137.10.64,255.255.248.0,10.137.8.1
10.137.10.65,255.255.248.0,10.137.8.1
10.137.10.66,255.255.248.0,10.137.8.1
10.137.10.67,255.255.248.0,10.137.8.1
10.137.10.68,255.255.248.0,10.137.8.1
10.137.10.69,255.255.248.0,10.137.8.1
10.137.10.70,255.255.248.0,10.137.8.1
10.137.10.71,255.255.248.0,10.137.8.1
10.137.10.72,255.255.248.0,10.137.8.1
10.137.10.73,255.255.248.0,10.137.8.1
10.137.10.74,255.255.248.0,10.137.8.1
10.137.10.75,255.255.248.0,10.137.8.1
10.137.10.76,255.255.248.0,10.137.8.1
10.137.10.77,255.255.248.0,10.137.8.1
10.137.10.78,255.255.248.0,10.137.8.1
10.137.10.79,255.255.248.0,10.137.8.1
10.137.10.179,255.255.248.0,10.137.8.1
10.137.10.155,255.255.248.0,10.137.8.1
10.137.10.156,255.255.248.0,10.137.8.1
10.137.10.157,255.255.248.0,10.137.8.1
10.137.10.158,255.255.248.0,10.137.8.1
,255.255.248.0,10.137.8.1
10.137.10.160,255.255.248.0,10.137.8.1
10.137.10.82,255.255.248.0,10.137.8.1
10.137.10.83,255.255.248.0,10.137.8.1
10.137.10.84,255.255.248.0,10.137.8.1
10.137.10.85,255.255.248.0,10.137.8.1
10.137.10.86,255.255.248.0,10.137.8.1
10.137.10.87,255.255.248.0,10.137.8.1
10.137.10.88,255.255.248.0,10.137.8.1
10.137.10.89,255.255.248.0,10.137.8.1
10.137.10.90,255.255.248.0,10.137.8.1
10.137.10.91,255.255.248.0,10.137.8.1
10.137.10.92,255.255.248.0,10.137.8.1
10.137.10.93,255.255.248.0,10.137.8.1
10.137.10.94,255.255.248.0,10.137.8.1
10.137.10.95,255.255.248.0,10.137.8.1
10.137.10.96,255.255.248.0,10.137.8.1
10.137.10.97,255.255.248.0,10.137.8.1
10.137.10.98,255.255.248.0,10.137.8.1
10.137.10.99,255.255.248.0,10.137.8.1
10.137.10.100,255.255.248.0,10.137.8.1
10.137.10.101,255.255.248.0,10.137.8.1
10.137.10.102,255.255.248.0,10.137.8.1
10.137.10.103,255.255.248.0,10.137.8.1
10.137.10.104,255.255.248.0,10.137.8.1
10.137.10.105,255.255.248.0,10.137.8.1
10.137.10.106,255.255.248.0,10.137.8.1
10.137.10.107,255.255.248.0,10.137.8.1
10.137.10.108,255.255.248.0,10.137.8.1
10.137.10.109,255.255.248.0,10.137.8.1
10.137.10.110,255.255.248.0,10.137.8.1
10.137.10.111,255.255.248.0,10.137.8.1
10.137.10.112,255.255.248.0,10.137.8.1
10.137.10.113,255.255.248.0,10.137.8.1
10.137.10.114,255.255.248.0,10.137.8.1
10.137.10.115,255.255.248.0,10.137.8.1
10.137.10.116,255.255.248.0,10.137.8.1
10.137.10.117,255.255.248.0,10.137.8.1
10.137.10.118,255.255.248.0,10.137.8.1
10.137.10.119,255.255.248.0,10.137.8.1
10.137.10.120,255.255.248.0,10.137.8.1
10.137.10.121,255.255.248.0,10.137.8.1
10.137.10.122,255.255.248.0,10.137.8.1
10.137.10.123,255.255.248.0,10.137.8.1
10.137.10.124,255.255.248.0,10.137.8.1
10.137.10.125,255.255.248.0,10.137.8.1
10.137.10.126,255.255.248.0,10.137.8.1
10.137.10.127,255.255.248.0,10.137.8.1
10.137.10.128,255.255.248.0,10.137.8.1
10.137.10.129,255.255.248.0,10.137.8.1
10.137.10.130,255.255.248.0,10.137.8.1
10.137.10.131,255.255.248.0,10.137.8.1
